casilla_id,distrito_fed_17,distrito_fed_12,distrito_loc_17,distrito_loc_12,are,seccion,casilla,tipo_seccion,pri_pvem,pan_na,prd,pt,mc,otros,total,ln,tamano_md,tamano_gd,region,casilla_ex,rural,ln_total
186,4,1,1,1,1-81,2388,B-C,U,166,133,8,2,2,4,315,509,1,0,1,0,0,509
172,4,1,1,1,1-86,2382,B-C,U,168,108,20,2,3,11,312,506,1,0,1,0,0,506
185,4,1,1,1,1-81,2387,B-C,U,157,116,18,5,1,15,312,503,1,0,1,0,0,503
166,4,1,1,1,1-87,2380,B-C,U,191,139,21,4,5,19,379,630,1,0,1,0,0,630
415,1,1,2,2,1-43,2545,B-C,U,160,144,15,12,7,20,358,636,1,0,2,0,0,636
208,4,1,1,1,1-68,2399,B-C,U,106,187,11,1,0,12,317,575,1,0,1,0,0,575
543,1,1,2,2,1-18,2604,B-C,M,178,305,4,1,1,5,494,666,1,0,2,0,0,666
170,4,1,1,1,1-84,2381,S,U,120,95,11,2,1,10,239,0,0,0,1,0,0,239
113,4,1,1,1,1-63,2349,B-C,U,175,170,13,24,2,18,402,610,1,0,1,0,0,610
453,1,1,2,2,1-47,2558,B-C,U,145,162,17,5,10,17,356,636,1,0,2,0,0,636
434,1,1,2,2,1-49,2551,B-C,U,182,144,12,5,5,11,359,654,1,0,2,0,0,654
157,4,1,1,1,1-84,2376,B-C,U,170,115,12,6,2,10,315,474,0,0,1,0,0,474
154,4,1,1,1,1-42,2374,B-C,R,121,140,6,4,1,17,289,490,0,0,1,0,1,490
215,4,1,1,1,1-72,2402,B-C,R,123,152,5,2,0,18,300,496,0,0,1,0,1,496
255,4,1,1,1,1-82,2424,B-C,R,80,109,3,1,1,14,208,433,0,0,1,0,1,433
602,1,1,2,2,1-8,2937,E,R,79,65,1,1,0,3,149,187,0,0,2,1,1,187
476,1,1,2,2,1-38,2574,B-C,R,121,133,7,3,2,12,278,508,1,0,2,0,1,508
96,4,1,1,1,1-103,1905,B-C,R,122,127,35,1,0,11,296,471,0,0,1,0,1,471
243,4,1,1,1,1-80,2417,B-C,R,128,100,9,1,0,13,251,513,1,0,1,0,1,513
523,1,1,2,2,1-55,2595,B-C,R,99,135,16,8,0,0,258,537,1,0,2,0,1,537
6103,10,10,20,20,10-79,2963,B-C,U,181,176,17,25,3,22,424,717,1,0,2,0,0,717
6050,10,10,20,20,10-71,2807,B-C,U,168,204,16,3,4,9,404,700,1,0,2,0,0,700
6042,10,10,20,20,10-66,2804,B-C,U,156,283,13,3,4,7,466,706,1,0,2,0,0,706
6367,10,10,20,21,10-27,2298,B-C,U,130,346,12,1,0,9,498,444,0,0,2,0,0,444
6336,10,10,20,21,10-20,2282,B-C,U,82,131,25,8,2,15,263,485,0,0,2,0,0,485
5977,10,10,20,20,10-13,1890,B-C,R,66,160,22,1,3,1,253,530,1,0,2,0,1,530
6157,10,10,20,20,10-93,2994,B-C,R,116,186,2,3,1,12,320,654,1,0,2,0,1,654
6438,10,10,20,21,10-42,2338,B-C,R,51,284,15,6,2,22,380,695,1,0,2,0,1,695
5297,14,10,15,17,10-56,2765,B-C,R,186,119,8,4,3,9,329,560,1,0,2,0,1,560
5607,7,11,18,18,11-29,2011,B-C,M,110,81,21,3,0,9,224,462,0,0,1,0,0,462
5323,7,11,10,18,11-98,570,B-C,U,124,159,10,6,1,5,305,470,0,0,1,0,0,470
3890,13,11,18,13,11-60,39,B-C,M,151,244,7,3,2,11,418,614,1,0,1,0,0,614
5456,7,11,18,18,11-39,1929,B-C,U,245,190,12,1,1,5,454,673,1,0,1,0,0,673
5547,7,11,18,18,11-5,1978,B-C,R,58,124,5,0,1,7,195,334,0,0,1,0,1,334
5628,7,11,18,18,11-26,2021,B-C,R,161,70,2,2,1,10,246,525,1,0,1,0,1,525
3884,13,11,18,13,11-70,37,B-C,R,98,207,9,1,2,14,331,556,1,0,1,0,1,556
5486,7,11,18,18,11-2,1947,B-C,R,66,220,10,3,2,15,316,735,1,0,1,0,1,735
5488,7,11,18,18,11-36,1948,B-C,R,146,218,4,1,0,14,383,629,1,0,1,0,1,629
3840,13,11,18,13,11-79,16,B-C,R,131,140,16,1,0,18,306,548,1,0,1,0,1,548
5415,13,11,10,18,11-82,738,B-C,R,143,163,70,4,0,21,401,622,1,0,1,0,1,622
5595,7,11,18,18,11-22,2004,B-C,R,203,178,15,3,2,9,410,689,0,0,1,0,1,689
5472,7,11,18,18,11-48,1938,B-C,R,9,61,0,0,1,0,71,95,0,0,1,0,1,95
5633,7,11,18,18,11-26,2024,B-C,R,78,104,14,0,0,10,206,383,0,0,1,0,1,383
5371,7,11,10,18,11-94,603,B-C,R,129,60,3,6,0,8,206,436,0,0,1,0,1,436
4561,2,12,16,15,12-64,514,B-C,M,185,227,23,6,7,16,464,688,1,0,2,0,0,688
4972,12,12,15,16,12-82,558,B-C,U,64,194,7,2,2,3,272,517,1,0,2,0,0,517
4921,2,12,16,16,12-75,520,B-C,M,145,210,18,5,7,12,397,728,1,0,2,0,0,728
4748,12,12,16,16,12-28,357,B-C,U,101,137,18,2,1,10,269,514,1,0,2,0,0,514
4810,12,12,15,16,12-6,429,B-C,U,128,119,10,3,2,7,269,398,0,0,2,0,0,398
4467,12,12,15,15,12-8,416,B-C,U,158,172,15,8,5,14,372,568,1,0,2,0,0,568
4388,12,12,16,15,12-36,362,B-C,U,170,242,22,4,4,7,449,620,1,0,2,0,0,620
4964,12,12,15,16,12-80,554,B-C,U,113,127,7,3,0,6,256,475,0,0,2,0,0,475
4738,12,12,16,16,12-24,354,B-C,U,116,98,16,1,3,0,234,416,0,0,2,0,0,416
4695,12,12,16,16,12-27,339,B-C,U,156,200,30,9,8,13,416,647,1,0,2,0,0,647
4433,12,12,15,15,12-8,387,B-C,U,185,202,28,9,1,14,439,716,1,0,2,0,0,716
4942,12,12,15,16,12-77,539,E,R,65,57,2,0,0,7,131,209,1,0,2,1,1,209
4876,2,12,16,16,12-61,494,B-C,R,112,132,1,1,9,0,255,480,0,0,2,0,1,480
4576,12,12,16,15,12-60,528,B-C,R,86,231,11,2,0,11,341,539,1,0,2,0,1,539
4950,12,12,15,16,12-78,546,B-C,R,168,201,26,5,3,15,418,700,1,0,2,0,1,700
4487,12,13,15,15,13-2,448,B-C,U,125,148,11,2,0,11,297,416,0,0,2,0,0,416
5791,13,13,19,19,13-70,2847,B-C,U,49,181,93,4,1,17,345,592,1,0,2,0,0,592
4496,12,13,15,15,13-5,466,B-C,U,145,146,15,4,1,10,321,666,1,0,2,0,0,666
5725,13,13,19,19,13-57,2820,B-C,U,83,174,15,5,2,10,289,411,0,0,2,0,0,411
6224,10,13,19,21,13-29,682,B-C,U,179,204,22,2,2,14,423,657,1,0,2,0,0,657
4981,12,13,15,16,13-19,565,B-C,M,54,158,8,1,0,8,229,422,0,0,2,0,0,422
5781,13,13,19,19,13-68,2843,B-C,U,25,155,76,1,1,18,276,584,1,0,2,0,0,584
4980,12,13,15,16,13-19,564,B-C,M,103,279,6,3,1,14,406,742,0,0,2,0,0,742
6208,10,13,19,21,13-25,675,B-C,U,116,131,15,5,1,6,274,388,0,0,2,0,0,388
6266,10,13,19,21,13-36,697,B-C,U,88,175,11,3,2,11,290,606,1,0,2,0,0,606
6205,10,13,19,21,13-24,673,B-C,U,106,153,19,3,2,6,289,428,0,0,2,0,0,428
6207,10,13,19,21,13-25,675,B-C,U,105,144,18,4,2,18,291,388,0,0,2,0,0,388
5702,13,13,19,19,13-52,1196,B-C,M,126,210,10,4,3,17,370,582,1,0,2,0,0,582
5871,13,13,19,19,13-83,2876,B-C,M,31,63,80,7,0,11,192,388,1,0,2,0,0,388
5898,13,13,19,19,13-97,2886,B-C,M,6,52,61,1,0,15,135,376,1,0,2,0,0,376
6221,10,13,19,21,13-28,680,B-C,U,222,233,28,3,1,13,500,725,1,0,2,0,0,725
4541,12,13,15,15,13-13,491,B-C,U,129,165,18,4,0,13,329,580,1,0,2,0,0,580
5862,13,13,19,19,13-88,2873,B-C,U,21,78,111,92,5,25,332,516,1,0,2,0,0,516
4512,12,13,15,15,13-3,478,B-C,U,133,141,23,15,3,9,324,614,1,0,2,0,0,614
5782,13,13,19,19,13-68,2843,B-C,U,32,156,77,9,2,17,293,584,1,0,2,0,0,584
6201,10,13,19,21,13-23,671,B-C,U,146,238,32,4,5,19,444,670,1,0,2,0,0,670
4507,12,13,15,15,13-8,476,B-C,U,139,131,19,7,6,18,320,543,1,0,2,0,0,543
5706,13,13,19,19,13-53,1198,B-C,R,116,123,6,0,0,5,250,396,0,0,2,0,1,396
6286,10,13,19,21,13-41,708,B-C,R,110,162,6,3,1,14,296,552,1,0,2,0,1,552
6276,10,13,19,21,13-38,703,B-C,R,70,133,11,2,1,11,228,452,0,0,2,0,1,452
6256,10,13,19,21,13-34,694,B-C,R,142,186,12,6,4,8,358,526,1,0,2,0,1,526
5807,13,13,19,19,13-75,2852,B-C,R,43,105,81,10,2,26,267,622,1,0,2,0,1,622
5795,13,13,19,19,13-71,2848,B-C,R,47,89,86,4,1,29,256,514,1,0,2,0,1,514
5819,13,13,19,19,13-78,2858,B-C,R,29,95,45,5,2,13,189,436,0,0,2,0,1,436
6277,10,13,19,21,13-38,703,E,R,100,125,4,4,0,7,240,362,0,0,2,1,1,362
6460,14,14,22,22,14-3,54,B-C,U,85,158,35,3,1,9,291,408,0,0,2,0,0,408
6455,14,14,22,22,14-2,52,B-C,U,60,96,26,6,3,18,209,386,0,0,2,0,0,386
5082,14,14,9,17,14-57,293,B-C,U,129,215,39,5,1,11,400,649,0,0,2,0,0,649
5076,14,14,9,17,14-55,291,B-C,U,163,177,23,5,1,7,376,529,1,0,2,0,0,529
6619,14,14,22,22,14-33,137,B-C,U,47,147,69,0,0,12,275,555,1,0,2,0,0,555
5080,14,14,9,17,14-55,292,B-C,U,171,242,36,7,4,8,468,675,1,0,2,0,0,675
6591,14,14,22,22,14-28,121,B-C,M,52,165,80,1,1,21,320,668,1,0,2,0,0,668
6631,14,14,22,22,14-75,654,B-C,M,170,244,64,9,1,17,505,730,1,0,2,0,0,730
6495,14,14,22,22,14-7,72,B-C,U,74,139,38,13,4,18,286,558,1,0,2,0,0,558
6594,14,14,22,22,14-29,122,B-C,R,67,52,60,0,1,26,206,376,0,0,2,0,1,376
5113,14,14,9,17,14-63,306,B-C,R,143,117,19,1,1,14,295,500,0,0,2,0,1,500
6610,14,14,22,22,14-32,133,B-C,R,116,81,45,6,2,30,280,663,0,0,2,0,1,663
6579,14,14,22,22,14-22,115,B-C,R,36,94,99,2,3,29,263,507,1,0,2,0,1,507
5051,14,14,22,17,14-49,278,B-C,R,90,127,2,3,32,12,266,584,0,0,2,0,1,584
6723,14,14,22,22,14-97,1258,B-C,R,226,135,37,1,2,12,413,737,0,0,2,0,1,737
6589,14,14,22,22,14-27,119,B-C,R,24,121,34,4,1,18,202,381,0,0,2,0,1,381
6661,14,14,22,22,14-84,1213,B-C,R,87,75,8,0,3,10,183,427,0,0,2,0,1,427
553,1,2,2,2,2-88,2779,B-C,M,72,257,43,5,1,14,392,514,1,0,2,0,0,514
371,2,2,2,2,2-71,2524,B-C,M,174,233,23,4,12,14,460,713,1,0,2,0,0,713
2683,2,2,9,9,2-40,216,B-C,M,80,183,8,4,0,17,292,514,1,0,2,0,0,514
2593,2,2,9,9,2-14,168,B-C,U,135,180,23,4,7,20,369,561,1,0,2,0,0,561
344,2,2,2,2,2-79,2512,B-C,U,206,110,72,11,1,19,419,731,1,0,2,0,0,731
2529,2,2,9,9,2-2,142,B-C,U,109,150,13,6,8,19,305,562,1,0,2,0,0,562
2569,2,2,9,9,2-13,157,E,U,128,164,10,5,4,15,326,551,1,0,2,1,0,551
341,2,2,2,2,2-79,2510,B-C,U,195,143,59,9,1,15,422,611,1,0,2,0,0,611
2679,2,2,9,9,2-39,213,B-C,R,65,122,5,5,5,12,214,488,0,0,2,0,1,488
2635,2,2,9,9,2-27,187,B-C,R,70,147,11,2,0,10,240,490,0,0,2,0,1,490
2670,2,2,9,9,2-25,208,B-C,R,118,111,8,8,1,19,265,441,0,0,2,0,1,441
567,1,2,2,2,2-89,2787,B-C,R,141,128,39,3,1,29,341,458,0,0,2,0,1,458
5212,2,2,17,17,2-53,629,B-C,R,58,135,3,4,1,1,202,388,0,0,2,0,1,388
386,2,2,2,2,2-83,2531,B-C,R,248,88,21,6,9,12,384,536,1,0,2,0,1,536
2671,2,2,9,9,2-25,208,B-C,R,115,116,6,6,1,19,263,441,0,0,2,0,1,441
905,3,3,3,4,3-1,1265,B-C,U,228,157,11,4,3,11,414,684,1,0,1,0,0,684
1134,3,3,7,4,3-36,1352,B-C,U,193,217,6,3,1,45,465,734,1,0,1,0,0,734
906,3,3,3,4,3-1,1265,B-C,U,211,188,9,0,4,19,431,683,1,0,1,0,0,683
1111,3,3,7,4,3-33,1340,B-C,U,161,227,3,1,3,4,399,660,1,0,1,0,0,660
1882,3,3,7,7,3-45,1371,B-C,U,108,119,8,2,1,2,240,387,0,0,1,0,0,387
979,3,3,3,4,3-10,1288,B-C,U,211,220,11,5,4,8,459,719,1,0,1,0,0,719
1948,6,3,7,7,3-59,1415,B-C,U,192,241,14,2,4,7,460,663,1,0,1,0,0,663
1077,3,3,7,4,3-31,1325,B-C,U,174,150,5,2,2,16,349,604,1,0,1,0,0,604
1074,3,3,7,4,3-31,1324,B-C,U,217,158,10,1,6,10,402,666,1,0,1,0,0,666
942,3,3,3,4,3-7,1278,B-C,U,197,219,17,7,3,13,456,666,0,1,1,0,0,666
1969,6,3,21,7,3-63,1437,B-C,U,190,268,18,2,3,11,492,658,1,0,1,0,0,658
1096,6,3,7,4,3-30,1334,B-C,U,181,146,10,1,2,5,345,593,1,0,1,0,0,593
992,3,3,4,4,3-20,1296,B-C,U,140,133,7,3,3,13,299,435,0,0,1,0,0,435
1946,6,3,7,7,3-62,1414,B-C,U,179,198,10,2,0,7,396,656,1,0,1,0,0,656
1178,20,3,21,4,3-70,1392,B-C,NA,196,215,15,9,2,11,448,733,0,1,1,0,0,733
1190,6,3,4,4,3-55,1393,B-C,U,201,169,2,5,1,16,394,611,1,0,1,0,0,611
1242,3,3,4,4,3-78,1496,B-C,NA,183,121,3,1,0,6,314,746,0,1,1,0,0,746
1052,3,3,3,4,3-25,1317,B-C,U,165,190,6,2,1,11,375,580,1,0,1,0,0,580
938,3,3,3,4,3-7,1278,B-C,U,176,226,16,1,2,7,428,667,0,1,1,0,0,667
2745,1,4,8,9,4-12,766,B-C,U,177,136,10,9,1,17,350,596,1,0,1,0,0,596
2732,1,4,8,9,4-6,761,B-C,U,156,155,12,2,6,22,353,649,1,0,1,0,0,649
2270,4,4,8,8,4-59,863,B-C,U,146,115,17,4,2,2,286,421,0,0,1,0,0,421
2260,4,4,8,8,4-57,857,B-C,U,259,144,31,8,7,16,465,703,1,0,1,0,0,703
19,1,4,1,1,4-4,758,B-C,U,177,210,19,5,1,18,430,718,1,0,1,0,0,718
2317,4,4,8,8,4-66,878,B-C,M,198,208,22,2,6,14,450,748,0,1,1,0,0,748
3614,15,4,12,12,4-95,999,B-C,U,224,107,5,3,4,31,374,599,1,0,1,0,0,599
3775,9,4,11,12,4-107,1148,B-C,R,141,191,21,6,1,22,382,704,1,0,1,0,1,704
2797,1,4,1,9,4-28,808,B-C,R,91,215,10,6,3,15,340,540,1,0,1,0,1,540
2334,4,4,8,8,4-69,889,B-C,R,110,171,9,9,3,13,315,557,1,0,1,0,1,557
1615,5,5,5,5,5-83,3029,B-C,U,150,142,4,1,3,6,306,510,1,0,1,0,0,510
1313,5,5,7,5,5-32,1458,B-C,U,134,92,8,3,0,4,241,356,0,0,1,0,0,356
1443,5,5,7,5,5-39,1798,B-C,U,169,245,9,0,3,10,436,690,0,0,1,0,0,690
1539,5,5,5,5,5-70,1847,B-C,U,226,204,8,4,6,9,457,735,1,0,1,0,0,735
1489,5,5,5,5,5-77,1823,B-C,U,179,207,3,1,2,9,401,650,1,0,1,0,0,650
747,3,5,7,3,5-25,1709,B-C,U,190,246,6,2,1,19,464,724,1,0,1,0,0,724
898,3,5,3,4,5-3,1261,B-C,M,202,127,1,4,1,12,347,611,1,0,1,0,0,611
820,3,5,7,3,5-27,1743,B-C,U,187,164,5,3,0,12,371,546,0,0,1,0,0,546
668,3,5,3,3,5-5,1677,B-C,U,204,151,1,3,2,12,373,662,1,0,1,0,0,662
876,5,5,5,3,5-65,1769,B-C,U,225,184,4,2,0,0,415,684,1,0,1,0,0,684
1507,5,5,5,5,5-77,1832,B-C,U,159,130,2,0,3,17,311,541,1,0,1,0,0,541
1566,5,5,5,5,5-79,3006,B-C,U,189,164,13,0,0,8,374,591,1,0,1,0,0,591
634,3,5,3,3,5-15,1281,B-C,U,196,215,7,7,2,9,436,595,1,0,1,0,0,595
700,3,5,3,3,5-16,1687,B-C,U,257,297,5,2,1,23,585,726,1,0,1,0,0,726
1685,11,6,21,6,6-43,1566,B-C,U,220,232,20,0,6,17,495,690,1,0,1,0,0,690
1824,11,6,6,6,6-78,1650,B-C,U,216,96,4,1,8,11,336,570,1,0,1,0,0,570
1796,11,6,6,6,6-73,1625,B-C,U,154,142,13,4,0,8,321,587,1,0,1,0,0,587
1713,11,6,21,6,6-48,1588,B-C,U,165,161,9,5,6,7,353,540,1,0,1,0,0,540
2085,11,6,21,7,6-34,1634,B-C,U,215,225,16,3,3,13,475,749,0,1,1,0,0,749
2151,11,6,21,7,6-22,1647,B-C,U,182,166,9,0,2,13,372,737,0,1,1,0,0,737
2018,11,6,21,7,6-41,1583,B-C,U,145,152,12,2,2,12,325,504,1,0,1,0,0,504
2169,6,6,4,7,6-4,1661,B-C,M,288,161,3,3,0,13,468,626,1,0,1,0,0,626
1320,5,6,5,5,6-83,1465,B-C,U,192,111,2,5,3,6,319,562,1,0,1,0,0,562
2145,11,6,21,7,6-22,1647,B-C,U,198,194,7,3,4,11,417,736,0,1,1,0,0,736
2109,11,6,21,7,6-24,1642,B-C,U,161,186,11,3,4,14,379,709,0,1,1,0,0,709
1828,11,6,6,6,6-14,1651,B-C,M,215,143,11,5,4,14,392,706,1,0,1,0,0,706
1821,11,6,6,6,6-77,1649,B-C,U,233,120,0,2,0,7,362,635,1,0,1,0,0,635
1672,11,6,6,6,6-58,1555,B-C,U,190,169,7,3,5,9,383,559,1,0,1,0,0,559
1746,11,6,6,6,6-75,1604,B-C,U,197,244,5,4,3,10,463,703,1,0,1,0,0,703
2146,11,6,21,7,6-21,1647,B-C,U,210,145,9,0,1,8,373,737,0,1,1,0,0,737
2162,6,6,4,7,6-5,1654,B-C,U,183,171,7,5,0,8,374,539,1,0,1,0,0,539
1658,5,6,6,6,6-69,1547,B-C,U,195,253,9,3,2,31,493,715,1,0,1,0,0,715
1794,11,6,6,6,6-71,1624,B-C,U,141,128,6,5,5,13,298,484,0,0,1,0,0,484
2114,11,6,21,7,6-25,1642,B-C,U,157,190,5,1,0,25,378,708,0,1,1,0,0,708
1548,5,6,6,5,6-81,1851,B-C,U,213,179,5,0,2,10,409,655,1,0,1,0,0,655
1384,5,6,6,5,6-86,1501,B-C,U,222,142,5,0,1,19,389,722,1,0,1,0,0,722
1775,11,6,21,6,6-46,1614,B-C,U,201,240,18,5,3,14,481,725,0,1,1,0,0,725
1690,11,6,6,6,6-59,1569,B-C,U,186,146,3,5,1,7,348,528,1,0,1,0,0,528
1700,5,6,6,6,6-68,1575,B-C,U,143,173,11,2,1,13,343,492,0,0,1,0,0,492
1676,11,6,6,6,6-54,1557,B-C,U,168,174,4,2,0,8,356,597,1,0,1,0,0,597
1819,5,6,6,6,6-11,1648,B-C,R,137,175,9,2,0,9,332,529,0,0,1,0,1,529
2827,7,7,10,10,7-3,2034,B-C,U,141,311,7,3,1,6,469,720,1,0,1,0,0,720
2447,9,7,13,8,7-71,2672,B-C,U,169,190,19,7,1,14,400,725,0,0,1,0,0,725
3036,7,7,10,10,7-42,2472,B-C,U,92,196,3,1,2,11,305,462,0,0,1,0,0,462
3034,7,7,10,10,7-41,2471,B-C,U,145,276,10,2,0,11,444,744,1,0,1,0,0,744
3166,9,7,13,10,7-92,2715,B-C,M,138,150,9,4,2,9,312,521,1,0,1,0,0,521
2916,13,7,13,10,7-16,2066,B-C,U,138,169,42,1,5,10,365,547,1,0,1,0,0,547
2419,9,7,13,8,7-62,2659,B-C,U,176,115,10,2,1,0,304,589,1,0,1,0,0,589
3051,7,7,10,10,7-43,2476,B-C,U,118,166,5,0,2,8,299,530,1,0,1,0,0,530
3018,7,7,10,10,7-38,2465,B-C,U,134,272,3,0,0,19,428,743,1,0,1,0,0,743
2400,9,7,13,8,7-59,2654,B-C,U,165,140,15,3,2,9,334,650,1,0,1,0,0,650
2429,9,7,13,8,7-65,2663,B-C,U,157,187,20,3,4,22,393,642,1,0,1,0,0,642
2843,7,7,10,10,7-3,2037,B-C,U,133,317,5,2,1,10,468,648,1,0,1,0,0,648
3006,7,7,10,10,7-35,2458,B-C,U,116,177,2,0,1,6,302,439,0,0,1,0,0,439
2901,13,7,13,10,7-19,2060,B-C,M,145,127,32,0,3,8,315,500,1,0,1,0,0,500
2873,7,7,10,10,7-10,2046,B-C,R,84,224,2,0,0,12,322,606,1,0,1,0,1,606
2864,7,7,10,10,7-7,2043,B-C,R,146,204,1,0,0,13,364,562,1,0,1,0,1,562
3179,9,7,13,10,7-92,2720,B-C,R,201,171,8,0,0,13,393,673,1,0,1,0,1,673
3099,7,7,10,10,7-52,2494,B-C,R,175,65,6,0,1,25,272,510,1,0,1,0,1,510
2879,7,7,10,10,7-10,2048,B-C,R,107,219,2,3,0,7,338,569,1,0,1,0,1,569
2930,13,7,13,10,7-20,2073,B-C,R,59,18,18,0,1,1,97,147,0,0,1,0,1,147
3154,9,7,13,10,7-83,2702,B-C,R,212,134,8,2,0,6,362,618,1,0,1,0,1,618
2957,13,7,13,10,7-27,2093,B-C,R,109,85,54,4,2,16,270,598,0,0,1,0,1,598
3182,9,7,13,10,7-93,2724,B-C,R,171,176,7,6,10,12,382,589,1,0,1,0,1,589
3165,9,7,13,10,7-87,2710,B-C,R,111,172,14,1,1,0,299,699,1,0,1,0,1,699
2961,13,7,13,10,7-26,2096,B-C,R,204,64,40,2,2,31,343,580,0,0,1,0,1,580
4184,8,8,14,14,8-88,2163,B-C,M,158,135,18,3,5,19,338,676,1,0,2,0,0,676
4004,8,8,14,13,8-93,2192,B-C,U,128,143,15,11,3,11,311,465,0,0,2,0,0,465
4305,8,8,17,14,8-31,2625,B-C,U,127,244,11,6,3,5,396,628,1,0,2,0,0,628
4266,8,8,17,14,8-26,2609,B-C,U,91,212,10,1,2,9,325,539,1,0,2,0,0,539
4113,8,8,14,14,8-78,2112,B-C,U,150,201,22,15,4,16,408,543,1,0,2,0,0,543
4339,8,8,17,14,8-23,2636,B-C,M,129,215,11,0,0,11,366,596,1,0,2,0,0,596
4112,8,8,14,14,8-78,2112,B-C,U,169,169,16,24,2,7,387,543,1,0,2,0,0,543
3931,8,8,14,13,8-68,2133,B-C,U,151,191,23,17,3,8,393,509,1,0,2,0,0,509
4107,8,8,14,14,8-76,2111,B-C,U,180,238,18,13,7,6,462,698,1,0,2,0,0,698
4059,8,8,14,13,8-62,2243,B-C,U,100,151,18,2,1,8,280,558,1,0,2,0,0,558
4121,8,8,14,14,8-79,2118,B-C,U,113,136,12,12,4,10,287,383,0,0,2,0,0,383
4346,8,8,17,14,8-32,2639,B-C,U,95,250,29,5,1,4,384,592,1,0,2,0,0,592
3994,8,8,14,13,8-92,2188,B-C,U,182,159,25,5,2,13,386,593,1,0,2,0,0,593
3978,8,8,14,13,8-91,2182,B-C,U,118,118,18,7,5,14,280,469,0,0,2,0,0,469
4232,8,8,14,14,8-46,2217,B-C,R,110,164,10,2,1,10,297,570,1,0,2,0,1,570
4077,8,8,14,13,8-56,2251,B-C,R,94,190,26,6,2,21,339,686,1,0,2,0,1,686
4240,8,8,14,14,8-46,2221,B-C,R,90,140,6,4,1,5,246,415,0,0,2,0,1,415
4349,8,8,17,14,8-34,2640,B-C,R,104,164,21,2,3,5,299,529,1,0,2,0,1,529
4090,8,8,14,13,8-58,2258,B-C,R,54,163,10,6,4,11,248,435,0,0,2,0,1,435
4327,8,8,17,14,8-25,2631,B-C,R,97,210,16,3,2,16,344,601,1,0,2,0,1,601
3924,13,8,18,13,8-4,2031,B-C,R,71,248,15,3,5,21,363,540,1,0,1,0,1,540
4318,8,8,17,14,8-19,2628,B-C,R,64,152,34,0,0,6,256,429,0,0,2,0,1,429
4069,8,8,14,13,8-64,2247,B-C,R,72,131,5,4,0,0,212,430,0,0,2,0,1,430
4218,8,8,14,14,8-41,2208,B-C,R,88,189,3,4,1,18,303,569,1,0,2,0,1,569
4036,8,8,14,13,8-60,2231,B-C,R,123,217,11,2,3,9,365,583,1,0,2,0,1,583
3454,9,9,11,11,9-9,1150,B-C,U,161,245,12,5,2,11,436,570,1,0,1,0,0,570
3306,15,9,12,11,9-64,1039,B-C,U,174,170,6,3,5,22,380,635,1,0,1,0,0,635
3326,15,9,12,11,9-73,1063,B-C,U,202,218,15,5,2,16,458,736,1,0,1,0,0,736
3648,15,9,12,12,9-67,1034,B-C,U,148,128,14,1,2,6,299,542,1,0,1,0,0,542
3322,15,9,12,11,9-70,1054,B-C,U,127,184,12,3,2,0,328,567,1,0,1,0,0,567
3385,15,9,12,11,9-51,1098,B-C,U,169,56,11,2,0,1,239,584,1,0,1,0,0,584
3290,15,9,12,11,9-59,1022,B-C,U,113,122,7,0,14,4,260,399,0,0,1,0,0,399
3343,15,9,12,11,9-69,1075,B-C,U,168,109,7,5,0,15,304,545,1,0,1,0,0,545
3646,15,9,12,12,9-63,1032,B-C,U,172,249,15,3,4,16,459,708,0,0,1,0,0,708
3697,15,9,12,12,9-79,1082,B-C,U,198,197,13,2,2,14,426,692,1,0,1,0,0,692
3443,9,9,11,11,9-7,1139,B-C,M,167,142,22,1,1,24,357,671,1,0,1,0,0,671
3227,15,9,11,11,9-33,955,B-C,U,144,135,11,1,2,13,306,517,1,0,1,0,0,517
3335,15,9,12,11,9-55,1068,B-C,U,214,221,3,1,2,5,446,705,1,0,1,0,0,705
3305,15,9,12,11,9-64,1039,B-C,U,193,152,8,4,1,20,378,635,1,0,1,0,0,635
3365,15,9,12,11,9-71,1086,B-C,U,132,110,8,2,3,3,258,459,0,0,1,0,0,459
3382,15,9,12,11,9-53,1096,B-C,U,224,106,9,2,1,11,353,625,1,0,1,0,0,625
3397,15,9,11,11,9-49,1099,B-C,U,160,184,14,4,2,16,380,684,0,1,1,0,0,684
3426,9,9,11,11,9-1,1116,B-C,R,153,222,10,6,4,17,412,696,1,0,1,0,1,696
3507,15,9,11,11,9-15,1175,B-C,R,81,155,42,11,2,18,309,570,1,0,1,0,1,570
