casilla_id,distrito_fed_17,distrito_fed_12,distrito_loc_17,distrito_loc_12,are,seccion,casilla,tipo_seccion,pri_pvem,pan_na,prd,pt,mc,otros,total,ln,tamano_md,tamano_gd,region,casilla_ex,rural,ln_total
2986,7,7,10,10,7-33,2449,B-C,U,124,210,4,1,1,0,340,504,1,0,1,0,0,504
3454,9,9,11,11,9-9,1150,B-C,U,161,245,12,5,2,11,436,570,1,0,1,0,0,570
1437,5,5,5,5,5-66,1795,B-C,U,161,196,3,3,3,12,378,605,1,0,1,0,0,605
4404,12,12,15,15,12-47,368,B-C,U,137,145,17,2,2,15,318,519,1,0,2,0,0,519
6050,10,10,20,20,10-71,2807,B-C,U,168,204,16,3,4,9,404,700,1,0,2,0,0,700
4284,8,8,17,14,8-31,2615,B-C,U,155,210,21,5,3,9,403,592,1,0,2,0,0,592
6201,10,13,19,21,13-23,671,B-C,U,146,238,32,4,5,19,444,670,1,0,2,0,0,670
113,4,1,1,1,1-63,2349,B-C,U,175,170,13,24,2,18,402,610,1,0,1,0,0,610
5547,7,11,18,18,11-5,1978,B-C,R,58,124,5,0,1,7,195,334,0,0,1,0,1,334
2429,9,7,13,8,7-65,2663,B-C,U,157,187,20,3,4,22,393,642,1,0,1,0,0,642
4600,12,13,15,15,13-18,563,B-C,M,209,148,12,0,1,7,377,619,1,0,2,0,0,619
2549,2,2,9,9,2-10,150,B-C,U,93,146,12,2,2,0,255,401,0,0,2,0,0,401
1178,20,3,21,4,3-70,1392,B-C,NA,196,215,15,9,2,11,448,733,0,1,1,0,0,733
1384,5,6,6,5,6-86,1501,B-C,U,222,142,5,0,1,19,389,722,1,0,1,0,0,722
3034,7,7,10,10,7-41,2471,B-C,U,145,276,10,2,0,11,444,744,1,0,1,0,0,744
1888,3,3,7,7,3-48,1374,B-C,U,118,181,7,3,3,12,324,482,0,0,1,0,0,482
5394,13,11,10,18,11-85,725,B-C,U,136,145,80,1,3,39,404,635,1,0,1,0,0,635
1284,6,3,4,4,3-87,1506,B-C,U,153,98,8,1,1,14,275,564,1,0,1,0,0,564
1443,5,5,7,5,5-39,1798,B-C,U,169,245,9,0,3,10,436,690,0,0,1,0,0,690
3863,13,11,18,13,11-73,26,B-C,R,148,296,6,2,0,12,464,724,1,0,1,0,1,724
1096,6,3,7,4,3-30,1334,B-C,U,181,146,10,1,2,5,345,593,1,0,1,0,0,593
1074,3,3,7,4,3-31,1324,B-C,U,217,158,10,1,6,10,402,666,1,0,1,0,0,666
6364,10,10,20,21,10-28,2297,B-C,U,109,255,1,1,1,12,379,695,1,0,2,0,0,695
700,3,5,3,3,5-16,1687,B-C,U,257,297,5,2,1,23,585,726,1,0,1,0,0,726
1489,5,5,5,5,5-77,1823,B-C,U,179,207,3,1,2,9,401,650,1,0,1,0,0,650
2879,7,7,10,10,7-10,2048,B-C,R,107,219,2,3,0,7,338,569,1,0,1,0,1,569
1932,6,3,7,7,3-57,1408,B-C,U,122,174,9,2,1,7,315,491,0,0,1,0,0,491
3018,7,7,10,10,7-38,2465,B-C,U,134,272,3,0,0,19,428,743,1,0,1,0,0,743
4311,8,8,17,14,8-27,2626,B-C,U,133,276,21,4,3,15,452,748,1,0,2,0,0,748
4121,8,8,14,14,8-79,2118,B-C,U,113,136,12,12,4,10,287,383,0,0,2,0,0,383
4500,12,13,15,15,13-6,468,B-C,U,126,193,18,8,3,10,358,532,1,0,2,0,0,532
553,1,2,2,2,2-88,2779,B-C,M,72,257,43,5,1,14,392,514,1,0,2,0,0,514
674,3,5,3,3,5-8,1679,B-C,U,141,228,11,3,1,8,392,530,1,0,1,0,0,530
364,2,2,2,2,2-81,2521,B-C,R,73,130,26,3,4,14,250,430,0,0,2,0,1,430
2080,11,6,21,7,6-35,1634,B-C,U,211,237,6,4,1,11,470,749,0,1,1,0,0,749
6120,10,10,20,20,10-85,2972,B-C,R,107,47,0,1,1,10,166,375,0,0,2,0,1,375
2594,2,2,9,9,2-14,169,B-C,U,149,210,22,6,3,17,407,675,1,0,2,0,0,675
6719,14,14,22,22,14-96,1255,B-C,M,113,102,17,2,0,15,249,431,0,0,2,0,0,431
5924,10,10,20,20,10-4,1865,B-C,U,145,200,51,2,6,23,427,723,0,0,2,0,0,723
1969,6,3,21,7,3-63,1437,B-C,U,190,268,18,2,3,11,492,658,1,0,1,0,0,658
4213,8,8,14,14,8-38,2206,B-C,R,81,122,4,5,2,8,222,428,0,0,2,0,1,428
4695,12,12,16,16,12-27,339,B-C,U,156,200,30,9,8,13,416,647,1,0,2,0,0,647
1320,5,6,5,5,6-83,1465,B-C,U,192,111,2,5,3,6,319,562,1,0,1,0,0,562
5970,10,10,20,20,10-10,1886,B-C,U,89,214,25,2,6,9,345,522,1,0,2,0,0,522
3898,13,11,18,13,11-59,44,B-C,R,54,158,5,4,4,7,232,382,0,0,1,0,1,382
3051,7,7,10,10,7-43,2476,B-C,U,118,166,5,0,2,8,299,530,1,0,1,0,0,530
1666,11,6,6,6,6-65,1552,B-C,U,153,178,9,2,5,17,364,643,1,0,1,0,0,643
41,1,4,1,1,4-17,785,B-C,R,119,126,5,1,1,17,269,558,1,0,1,0,1,558
4692,12,12,16,16,12-31,338,B-C,U,144,203,38,6,3,21,415,615,1,0,2,0,0,615
3612,15,4,12,12,4-95,998,B-C,U,179,70,6,1,3,8,267,467,0,0,1,0,0,467
820,3,5,7,3,5-27,1743,B-C,U,187,164,5,3,0,12,371,546,0,0,1,0,0,546
3646,15,9,12,12,9-63,1032,B-C,U,172,249,15,3,4,16,459,708,0,0,1,0,0,708
1700,5,6,6,6,6-68,1575,B-C,U,143,173,11,2,1,13,343,492,0,0,1,0,0,492
2593,2,2,9,9,2-14,168,B-C,U,135,180,23,4,7,20,369,561,1,0,2,0,0,561
602,1,1,2,2,1-8,2937,E,R,79,65,1,1,0,3,149,187,0,0,2,1,1,187
4188,8,8,14,14,8-86,2168,B-C,U,121,140,18,8,0,11,298,492,0,0,2,0,0,492
1746,11,6,6,6,6-75,1604,B-C,U,197,244,5,4,3,10,463,703,1,0,1,0,0,703
2874,7,7,10,10,7-10,2046,B-C,R,75,213,4,0,0,0,292,606,1,0,1,0,1,606
4238,8,8,14,14,8-42,2219,B-C,U,78,173,17,7,4,16,295,535,1,0,2,0,0,535
386,2,2,2,2,2-83,2531,B-C,R,248,88,21,6,9,12,384,536,1,0,2,0,1,536
1056,3,3,7,4,3-27,1319,B-C,U,157,167,11,2,0,6,343,551,1,0,1,0,0,551
1052,3,3,3,4,3-25,1317,B-C,U,165,190,6,2,1,11,375,580,1,0,1,0,0,580
2459,9,7,13,8,7-70,2683,B-C,M,138,124,11,4,4,6,287,650,1,0,1,0,0,650
747,3,5,7,3,5-25,1709,B-C,U,190,246,6,2,1,19,464,724,1,0,1,0,0,724
6495,14,14,22,22,14-7,72,B-C,U,74,139,38,13,4,18,286,558,1,0,2,0,0,558
4738,12,12,16,16,12-24,354,B-C,U,116,98,16,1,3,0,234,416,0,0,2,0,0,416
3298,15,9,11,11,9-45,1036,B-C,U,148,182,8,3,0,9,350,600,1,0,1,0,0,600
2259,4,4,8,8,4-56,856,B-C,U,196,156,32,4,4,11,403,577,0,0,1,0,0,577
3447,9,9,11,11,9-23,1142,B-C,M,178,78,10,2,7,17,292,622,1,0,1,0,0,622
3931,8,8,14,13,8-68,2133,B-C,U,151,191,23,17,3,8,393,509,1,0,2,0,0,509
2635,2,2,9,9,2-27,187,B-C,R,70,147,11,2,0,10,240,490,0,0,2,0,1,490
6594,14,14,22,22,14-29,122,B-C,R,67,52,60,0,1,26,206,376,0,0,2,0,1,376
1495,5,5,6,5,5-42,1826,B-C,U,209,208,9,4,2,12,444,648,1,0,1,0,0,648
3166,9,7,13,10,7-92,2715,B-C,M,138,150,9,4,2,9,312,521,1,0,1,0,0,521
4855,12,12,15,16,12-14,471,B-C,U,196,191,31,5,8,18,449,738,1,0,2,0,0,738
2866,7,7,10,10,7-8,2044,B-C,M,92,277,5,1,0,7,382,643,1,0,1,0,0,643
5459,7,11,18,18,11-39,1930,B-C,U,204,193,6,4,3,9,419,623,1,0,1,0,0,623
1794,11,6,6,6,6-71,1624,B-C,U,141,128,6,5,5,13,298,484,0,0,1,0,0,484
1690,11,6,6,6,6-59,1569,B-C,U,186,146,3,5,1,7,348,528,1,0,1,0,0,528
6460,14,14,22,22,14-3,54,B-C,U,85,158,35,3,1,9,291,408,0,0,2,0,0,408
4112,8,8,14,14,8-78,2112,B-C,U,169,169,16,24,2,7,387,543,1,0,2,0,0,543
208,4,1,1,1,1-68,2399,B-C,U,106,187,11,1,0,12,317,575,1,0,1,0,0,575
3546,15,9,11,12,9-38,963,B-C,U,174,157,7,0,2,15,355,541,1,0,1,0,0,541
3385,15,9,12,11,9-51,1098,B-C,U,169,56,11,2,0,1,239,584,1,0,1,0,0,584
992,3,3,4,4,3-20,1296,B-C,U,140,133,7,3,3,13,299,435,0,0,1,0,0,435
2204,4,4,8,8,4-47,829,B-C,U,156,108,9,3,5,9,290,452,0,0,1,0,0,452
75,1,4,8,1,4-68,812,B-C,R,49,55,4,3,0,12,123,274,0,0,1,0,1,274
1490,5,5,5,5,5-75,1824,B-C,U,162,129,9,5,1,12,318,565,1,0,1,0,0,565
6102,10,10,20,20,10-79,2962,B-C,U,117,184,17,26,5,11,360,557,1,0,2,0,0,557
3978,8,8,14,13,8-91,2182,B-C,U,118,118,18,7,5,14,280,469,0,0,2,0,0,469
2827,7,7,10,10,7-3,2034,B-C,U,141,311,7,3,1,6,469,720,1,0,1,0,0,720
1676,11,6,6,6,6-54,1557,B-C,U,168,174,4,2,0,8,356,597,1,0,1,0,0,597
5965,10,10,20,20,10-11,1884,B-C,U,119,212,34,8,7,24,404,741,1,0,2,0,0,741
3257,15,9,11,11,9-27,987,B-C,U,183,256,24,4,1,7,475,710,1,0,1,0,0,710
453,1,1,2,2,1-47,2558,B-C,U,145,162,17,5,10,17,356,636,1,0,2,0,0,636
2627,2,2,9,9,2-30,183,B-C,R,102,138,4,0,1,19,264,565,1,0,2,0,1,565
2974,13,7,13,10,7-28,2105,B-C,R,96,44,77,3,1,13,234,411,0,0,1,0,1,411
1566,5,5,5,5,5-79,3006,B-C,U,189,164,13,0,0,8,374,591,1,0,1,0,0,591
5510,7,11,18,18,11-3,1962,B-C,R,48,239,10,7,0,11,315,569,1,0,1,0,1,569
5082,14,14,9,17,14-57,293,B-C,U,129,215,39,5,1,11,400,649,0,0,2,0,0,649
3614,15,4,12,12,4-95,999,B-C,U,224,107,5,3,4,31,374,599,1,0,1,0,0,599
6221,10,13,19,21,13-28,680,B-C,U,222,233,28,3,1,13,500,725,1,0,2,0,0,725
5725,13,13,19,19,13-57,2820,B-C,U,83,174,15,5,2,10,289,411,0,0,2,0,0,411
6336,10,10,20,21,10-20,2282,B-C,U,82,131,25,8,2,15,263,485,0,0,2,0,0,485
2308,4,4,8,8,4-67,878,B-C,M,214,176,35,12,4,15,456,747,0,1,1,0,0,747
6020,10,10,20,20,10-64,2796,B-C,U,159,184,11,2,2,9,367,518,1,0,2,0,0,518
5472,7,11,18,18,11-48,1938,B-C,R,9,61,0,0,1,0,71,95,0,0,1,0,1,95
185,4,1,1,1,1-81,2387,B-C,U,157,116,18,5,1,15,312,503,1,0,1,0,0,503
6579,14,14,22,22,14-22,115,B-C,R,36,94,99,2,3,29,263,507,1,0,2,0,1,507
6290,10,13,19,21,13-40,710,B-C,R,73,130,9,3,2,21,238,519,1,0,2,0,1,519
5702,13,13,19,19,13-52,1196,B-C,M,126,210,10,4,3,17,370,582,1,0,2,0,0,582
5862,13,13,19,19,13-88,2873,B-C,U,21,78,111,92,5,25,332,516,1,0,2,0,0,516
3884,13,11,18,13,11-70,37,B-C,R,98,207,9,1,2,14,331,556,1,0,1,0,1,556
3227,15,9,11,11,9-33,955,B-C,U,144,135,11,1,2,13,306,517,1,0,1,0,0,517
498,1,1,2,2,1-52,2585,B-C,R,154,158,12,3,3,23,353,580,1,0,2,0,1,580
4560,2,12,16,15,12-63,513,B-C,U,172,161,11,1,1,10,356,596,1,0,2,0,0,596
1920,6,3,7,7,3-51,1397,B-C,U,174,224,9,2,4,17,430,679,1,0,1,0,0,679
4596,12,13,15,15,13-16,540,B-C,R,70,156,4,6,2,10,248,465,0,0,2,0,1,465
5930,10,10,20,20,10-3,1868,B-C,U,100,190,12,0,6,10,318,463,0,0,2,0,0,463
3426,9,9,11,11,9-1,1116,B-C,R,153,222,10,6,4,17,412,696,1,0,1,0,1,696
3193,9,7,13,10,7-94,2729,B-C,R,59,101,28,4,0,10,202,559,0,0,1,0,1,559
186,4,1,1,1,1-81,2388,B-C,U,166,133,8,2,2,4,315,509,1,0,1,0,0,509
4365,12,12,16,15,12-42,347,B-C,NA,159,193,33,8,6,18,417,720,0,1,2,0,0,720
4279,8,8,17,14,8-28,2613,B-C,U,137,233,17,4,6,8,405,678,1,0,2,0,0,678
717,3,5,3,3,5-12,1695,B-C,U,173,209,8,2,4,10,406,572,1,0,1,0,0,572
3275,15,9,12,11,9-58,1009,B-C,U,136,163,4,1,5,10,319,490,0,0,1,0,0,490
2357,4,4,8,8,4-80,899,B-C,M,170,145,14,5,4,18,356,619,1,0,1,0,0,619
5478,7,11,18,18,11-36,1943,B-C,R,147,149,7,3,1,8,315,553,1,0,1,0,1,553
215,4,1,1,1,1-72,2402,B-C,R,123,152,5,2,0,18,300,496,0,0,1,0,1,496
4587,12,13,15,15,13-15,534,B-C,R,55,180,3,1,0,4,243,380,0,0,2,0,1,380
633,3,5,3,3,5-15,1281,B-C,U,216,199,6,0,2,14,437,595,1,0,1,0,0,595
2732,1,4,8,9,4-6,761,B-C,U,156,155,12,2,6,22,353,649,1,0,1,0,0,649
5957,10,10,20,20,10-9,1881,B-C,U,90,143,25,1,7,13,279,599,0,0,2,0,0,599
6028,10,10,20,20,10-68,2799,B-C,U,140,172,16,4,4,16,352,599,1,0,2,0,0,599
5898,13,13,19,19,13-97,2886,B-C,M,6,52,61,1,0,15,135,376,1,0,2,0,0,376
4447,12,12,15,15,12-53,411,B-C,U,122,135,18,2,2,7,286,450,0,0,2,0,0,450
93,4,1,1,1,1-98,1903,B-C,R,54,115,51,0,0,15,235,390,0,0,1,0,1,390
5067,14,14,9,17,14-54,288,B-C,U,195,198,14,5,4,15,431,714,1,0,2,0,0,714
4388,12,12,16,15,12-36,362,B-C,U,170,242,22,4,4,7,449,620,1,0,2,0,0,620
4981,12,13,15,16,13-19,565,B-C,M,54,158,8,1,0,8,229,422,0,0,2,0,0,422
876,5,5,5,3,5-65,1769,B-C,U,225,184,4,2,0,0,415,684,1,0,1,0,0,684
4674,12,12,16,16,12-39,336,B-C,U,171,189,30,8,2,11,411,727,0,1,2,0,0,727
2623,2,2,9,9,2-32,180,B-C,R,125,148,12,5,0,0,290,621,1,0,2,0,1,621
4999,14,14,22,17,14-37,250,B-C,U,178,360,12,5,72,16,643,556,1,0,2,0,0,556
3475,15,9,11,11,9-12,1161,B-C,R,163,190,23,4,0,16,396,750,1,0,1,0,1,750
2679,2,2,9,9,2-39,213,B-C,R,65,122,5,5,5,12,214,488,0,0,2,0,1,488
6343,10,10,20,21,10-22,2285,B-C,M,124,197,16,7,1,14,359,647,1,0,2,0,0,647
2146,11,6,21,7,6-21,1647,B-C,U,210,145,9,0,1,8,373,737,0,1,1,0,0,737
1948,6,3,7,7,3-59,1415,B-C,U,192,241,14,2,4,7,460,663,1,0,1,0,0,663
6378,10,10,20,21,10-26,2306,B-C,R,77,143,15,0,0,7,242,503,1,0,2,0,1,503
4561,2,12,16,15,12-64,514,B-C,M,185,227,23,6,7,16,464,688,1,0,2,0,0,688
4689,12,12,16,16,12-31,338,B-C,U,164,196,7,4,0,11,382,616,1,0,2,0,0,616
1909,6,3,7,7,3-52,1388,B-C,U,215,179,6,2,0,13,415,653,1,0,1,0,0,653
5830,13,13,19,19,13-77,2862,B-C,R,48,198,125,3,3,29,406,685,1,0,2,0,1,685
255,4,1,1,1,1-82,2424,B-C,R,80,109,3,1,1,14,208,433,0,0,1,0,1,433
5363,7,11,10,18,11-101,597,B-C,R,149,94,4,6,0,6,259,548,1,0,1,0,1,548
6266,10,13,19,21,13-36,697,B-C,U,88,175,11,3,2,11,290,606,1,0,2,0,0,606
5175,2,2,17,17,2-56,612,B-C,M,88,224,20,2,2,17,353,630,1,0,2,0,0,630
1615,5,5,5,5,5-83,3029,B-C,U,150,142,4,1,3,6,306,510,1,0,1,0,0,510
763,3,5,7,3,5-21,1716,B-C,U,134,140,8,2,4,12,300,408,0,0,1,0,0,408
6257,10,13,19,21,13-34,694,B-C,R,151,170,9,1,0,26,357,526,1,0,2,0,1,526
568,1,2,2,2,2-90,2788,B-C,R,35,34,4,1,0,7,81,120,0,0,2,0,1,120
1426,5,5,7,5,5-59,1792,B-C,U,213,197,5,5,1,10,431,690,1,0,1,0,0,690
1268,3,3,4,4,3-83,1500,B-C,NA,167,148,12,2,1,21,351,722,0,1,1,0,0,722
5261,14,10,15,17,10-49,2744,B-C,U,104,213,44,2,3,11,377,588,1,0,2,0,0,588
1433,5,5,5,5,5-68,1794,B-C,U,199,206,13,3,2,9,432,701,0,1,1,0,0,701
6367,10,10,20,21,10-27,2298,B-C,U,130,346,12,1,0,9,498,444,0,0,2,0,0,444
4069,8,8,14,13,8-64,2247,B-C,R,72,131,5,4,0,0,212,430,0,0,2,0,1,430
4487,12,13,15,15,13-2,448,B-C,U,125,148,11,2,0,11,297,416,0,0,2,0,0,416
3944,8,8,14,13,8-72,2164,B-C,U,171,192,19,8,6,7,403,600,1,0,2,0,0,600
2162,6,6,4,7,6-5,1654,B-C,U,183,171,7,5,0,8,374,539,1,0,1,0,0,539
5486,7,11,18,18,11-2,1947,B-C,R,66,220,10,3,2,15,316,735,1,0,1,0,1,735
3420,15,9,11,11,9-49,1108,B-C,U,185,138,9,1,2,10,345,570,1,0,1,0,0,570
6224,10,13,19,21,13-29,682,B-C,U,179,204,22,2,2,14,423,657,1,0,2,0,0,657
1658,5,6,6,6,6-69,1547,B-C,U,195,253,9,3,2,31,493,715,1,0,1,0,0,715
3994,8,8,14,13,8-92,2188,B-C,U,182,159,25,5,2,13,386,593,1,0,2,0,0,593
989,3,3,3,4,3-9,1294,B-C,U,179,162,11,9,3,10,374,572,1,0,1,0,0,572
3795,15,9,12,12,9-76,1176,B-C,U,116,132,9,2,1,16,276,602,1,0,1,0,0,602
4512,12,13,15,15,13-3,478,B-C,U,133,141,23,15,3,9,324,614,1,0,2,0,0,614
2466,9,7,13,8,7-74,2687,B-C,R,165,60,8,8,0,14,255,501,1,0,1,0,1,501
846,5,5,5,3,5-57,1754,B-C,U,215,208,10,2,0,14,449,725,1,0,1,0,0,725
1134,3,3,7,4,3-36,1352,B-C,U,193,217,6,3,1,45,465,734,1,0,1,0,0,734
6042,10,10,20,20,10-66,2804,B-C,U,156,283,13,3,4,7,466,706,1,0,2,0,0,706
668,3,5,3,3,5-5,1677,B-C,U,204,151,1,3,2,12,373,662,1,0,1,0,0,662
52,1,4,1,1,4-21,793,B-C,M,102,194,8,2,4,19,329,606,1,0,1,0,0,606
5113,14,14,9,17,14-63,306,B-C,R,143,117,19,1,1,14,295,500,0,0,2,0,1,500
4635,8,8,17,15,8-11,2919,B-C,U,86,190,14,8,5,8,311,426,0,0,2,0,0,426
4541,12,13,15,15,13-13,491,B-C,U,129,165,18,4,0,13,329,580,1,0,2,0,0,580
5633,7,11,18,18,11-26,2024,B-C,R,78,104,14,0,0,10,206,383,0,0,1,0,1,383
3113,7,7,10,10,7-57,2501,B-C,R,61,164,3,0,0,13,241,402,0,0,1,0,1,402
3063,7,7,10,10,7-45,2478,B-C,U,157,250,4,2,1,2,416,662,1,0,1,0,0,662
6706,14,14,22,22,14-90,1245,E,R,24,67,8,1,0,7,107,222,0,0,2,1,1,222
5450,7,11,18,18,11-38,1927,B-C,U,190,197,11,0,2,14,414,607,1,0,1,0,0,607
4972,12,12,15,16,12-82,558,B-C,U,64,194,7,2,2,3,272,517,1,0,2,0,0,517
6502,14,14,22,22,14-10,76,B-C,U,77,140,18,3,2,15,255,428,0,0,2,0,0,428
1770,11,6,6,6,6-49,1613,B-C,U,223,227,10,1,1,13,475,739,1,0,1,0,0,739
1819,5,6,6,6,6-11,1648,B-C,R,137,175,9,2,0,9,332,529,0,0,1,0,1,529
3427,9,9,11,11,9-1,1116,B-C,R,167,242,11,3,2,14,439,696,1,0,1,0,1,696
4346,8,8,17,14,8-32,2639,B-C,U,95,250,29,5,1,4,384,592,1,0,2,0,0,592
4077,8,8,14,13,8-56,2251,B-C,R,94,190,26,6,2,21,339,686,1,0,2,0,1,686
4980,12,13,15,16,13-19,564,B-C,M,103,279,6,3,1,14,406,742,0,0,2,0,0,742
367,2,2,2,2,2-76,2523,B-C,R,134,139,26,6,9,7,321,567,1,0,2,0,1,567
1190,6,3,4,4,3-55,1393,B-C,U,201,169,2,5,1,16,394,611,1,0,1,0,0,611
543,1,1,2,2,1-18,2604,B-C,M,178,305,4,1,1,5,494,666,1,0,2,0,0,666
4690,12,12,16,16,12-31,338,B-C,U,157,215,21,3,5,8,409,616,1,0,2,0,0,616
5488,7,11,18,18,11-36,1948,B-C,R,146,218,4,1,0,14,383,629,1,0,1,0,1,629
3697,15,9,12,12,9-79,1082,B-C,U,198,197,13,2,2,14,426,692,1,0,1,0,0,692
3365,15,9,12,11,9-71,1086,B-C,U,132,110,8,2,3,3,258,459,0,0,1,0,0,459
6103,10,10,20,20,10-79,2963,B-C,U,181,176,17,25,3,22,424,717,1,0,2,0,0,717
5307,14,10,15,17,10-59,2771,B-C,U,79,215,14,4,5,20,337,606,1,0,2,0,0,606
1685,11,6,21,6,6-43,1566,B-C,U,220,232,20,0,6,17,495,690,1,0,1,0,0,690
4576,12,12,16,15,12-60,528,B-C,R,86,231,11,2,0,11,341,539,1,0,2,0,1,539
2342,4,4,8,8,4-75,894,B-C,R,121,97,20,4,1,8,251,480,0,0,1,0,1,480
4327,8,8,17,14,8-25,2631,B-C,R,97,210,16,3,2,16,344,601,1,0,2,0,1,601
1313,5,5,7,5,5-32,1458,B-C,U,134,92,8,3,0,4,241,356,0,0,1,0,0,356
6631,14,14,22,22,14-75,654,B-C,M,170,244,64,9,1,17,505,730,1,0,2,0,0,730
2797,1,4,1,9,4-28,808,B-C,R,91,215,10,6,3,15,340,540,1,0,1,0,1,540
6205,10,13,19,21,13-24,673,B-C,U,106,153,19,3,2,6,289,428,0,0,2,0,0,428
1033,6,3,4,4,3-22,1309,B-C,U,178,137,4,4,4,11,338,612,1,0,1,0,0,612
4154,8,8,14,14,8-82,2140,B-C,U,137,126,20,15,7,14,319,456,0,0,2,0,0,456
2843,7,7,10,10,7-3,2037,B-C,U,133,317,5,2,1,10,468,648,1,0,1,0,0,648
2864,7,7,10,10,7-7,2043,B-C,R,146,204,1,0,0,13,364,562,1,0,1,0,1,562
4892,2,12,16,16,12-68,502,B-C,U,72,188,5,3,4,9,281,474,0,0,2,0,0,474
3924,13,8,18,13,8-4,2031,B-C,R,71,248,15,3,5,21,363,540,1,0,1,0,1,540
3775,9,4,11,12,4-107,1148,B-C,R,141,191,21,6,1,22,382,704,1,0,1,0,1,704
2345,4,4,8,8,4-76,895,B-C,R,143,134,15,1,0,0,293,514,1,0,1,0,1,514
2901,13,7,13,10,7-19,2060,B-C,M,145,127,32,0,3,8,315,500,1,0,1,0,0,500
1142,3,3,7,4,3-34,1356,B-C,U,153,274,8,0,3,12,450,692,1,0,1,0,0,692
1936,6,3,7,7,3-58,1410,B-C,U,143,125,4,3,2,7,284,480,0,0,1,0,0,480
2296,4,4,8,8,4-62,875,B-C,U,160,176,32,10,2,12,392,712,1,0,1,0,0,712
4090,8,8,14,13,8-58,2258,B-C,R,54,163,10,6,4,11,248,435,0,0,2,0,1,435
6589,14,14,22,22,14-27,119,B-C,R,24,121,34,4,1,18,202,381,0,0,2,0,1,381
2784,1,4,8,9,4-30,802,B-C,M,164,127,10,5,4,29,339,531,1,0,1,0,0,531
172,4,1,1,1,1-86,2382,B-C,U,168,108,20,2,3,11,312,506,1,0,1,0,0,506
6562,14,14,22,22,14-21,105,B-C,R,94,95,60,1,3,19,272,466,0,0,2,0,1,466
3006,7,7,10,10,7-35,2458,B-C,U,116,177,2,0,1,6,302,439,0,0,1,0,0,439
567,1,2,2,2,2-89,2787,B-C,R,141,128,39,3,1,29,341,458,0,0,2,0,1,458
2916,13,7,13,10,7-16,2066,B-C,U,138,169,42,1,5,10,365,547,1,0,1,0,0,547
333,2,2,2,2,2-75,2507,B-C,U,172,103,73,13,1,11,373,680,1,0,2,0,0,680
2735,1,4,8,9,4-5,763,B-C,U,138,151,6,5,2,14,316,454,0,0,1,0,0,454
5807,13,13,19,19,13-75,2852,B-C,R,43,105,81,10,2,26,267,622,1,0,2,0,1,622
523,1,1,2,2,1-55,2595,B-C,R,99,135,16,8,0,0,258,537,1,0,2,0,1,537
2400,9,7,13,8,7-59,2654,B-C,U,165,140,15,3,2,9,334,650,1,0,1,0,0,650
2018,11,6,21,7,6-41,1583,B-C,U,145,152,12,2,2,12,325,504,1,0,1,0,0,504
5463,7,11,18,18,11-46,1931,B-C,U,213,145,8,6,1,8,381,587,1,0,1,0,0,587
1339,3,5,3,5,5-86,1477,B-C,M,185,169,7,2,4,10,377,734,0,1,1,0,0,734
2769,1,4,8,9,4-9,774,B-C,U,154,182,15,5,1,19,376,616,1,0,1,0,0,616
6208,10,13,19,21,13-25,675,B-C,U,116,131,15,5,1,6,274,388,0,0,2,0,0,388
2683,2,2,9,9,2-40,216,B-C,M,80,183,8,4,0,17,292,514,1,0,2,0,0,514
3437,9,9,11,11,9-3,1130,B-C,R,29,61,6,0,1,7,104,545,1,0,1,0,1,545
5371,7,11,10,18,11-94,603,B-C,R,129,60,3,6,0,8,206,436,0,0,1,0,1,436
5819,13,13,19,19,13-78,2858,B-C,R,29,95,45,5,2,13,189,436,0,0,2,0,1,436
144,4,1,1,1,1-62,2368,B-C,R,90,207,10,8,3,15,333,534,1,0,1,0,1,534
280,4,1,1,1,1-94,2440,B-C,R,90,124,8,2,1,21,246,426,0,0,1,0,1,426
1672,11,6,6,6,6-58,1555,B-C,U,190,169,7,3,5,9,383,559,1,0,1,0,0,559
5595,7,11,18,18,11-22,2004,B-C,R,203,178,15,3,2,9,410,689,0,0,1,0,1,689
1293,6,3,4,4,3-89,1512,B-C,R,211,78,3,0,1,8,301,589,1,0,1,0,1,589
2114,11,6,21,7,6-25,1642,B-C,U,157,190,5,1,0,25,378,708,0,1,1,0,0,708
1844,11,6,6,6,6-13,1663,B-C,R,121,231,0,0,2,13,367,585,1,0,1,0,1,585
3179,9,7,13,10,7-92,2720,B-C,R,201,171,8,0,0,13,393,673,1,0,1,0,1,673
6035,10,10,20,20,10-70,2802,B-C,U,138,148,13,1,0,9,309,506,1,0,2,0,0,506
3188,9,7,13,10,7-91,2726,B-C,R,131,95,10,3,1,7,247,395,1,0,1,0,1,395
4036,8,8,14,13,8-60,2231,B-C,R,123,217,11,2,3,9,365,583,1,0,2,0,1,583
2569,2,2,9,9,2-13,157,E,U,128,164,10,5,4,15,326,551,1,0,2,1,0,551
5499,7,11,18,18,11-37,1956,B-C,R,208,116,11,1,0,11,347,609,1,0,1,0,1,609
6256,10,13,19,21,13-34,694,B-C,R,142,186,12,6,4,8,358,526,1,0,2,0,1,526
4218,8,8,14,14,8-41,2208,B-C,R,88,189,3,4,1,18,303,569,1,0,2,0,1,569
5415,13,11,10,18,11-82,738,B-C,R,143,163,70,4,0,21,401,622,1,0,1,0,1,622
2842,7,7,10,10,7-3,2037,B-C,U,165,303,3,0,0,6,477,648,1,0,1,0,0,648
6045,10,10,20,20,10-69,2806,B-C,U,140,186,7,1,1,10,345,537,1,0,2,0,0,537
5791,13,13,19,19,13-70,2847,B-C,U,49,181,93,4,1,17,345,592,1,0,2,0,0,592
1207,6,3,4,4,3-75,1482,B-C,R,174,124,2,1,1,0,302,485,0,0,1,0,1,485
3165,9,7,13,10,7-87,2710,B-C,R,111,172,14,1,1,0,299,699,1,0,1,0,1,699
4266,8,8,17,14,8-26,2609,B-C,U,91,212,10,1,2,9,325,539,1,0,2,0,0,539
2456,9,7,13,8,7-69,2682,B-C,U,134,133,16,4,1,11,299,579,1,0,1,0,0,579
1579,5,5,5,5,5-80,3012,B-C,U,137,141,11,4,2,16,311,518,1,0,1,0,0,518
4371,12,12,16,15,12-41,347,B-C,NA,170,191,19,1,4,48,433,720,0,1,2,0,0,720
2151,11,6,21,7,6-22,1647,B-C,U,182,166,9,0,2,13,372,737,0,1,1,0,0,737
400,2,2,2,2,2-86,2537,B-C,R,222,144,28,6,0,12,412,593,1,0,2,0,1,593
676,3,5,3,3,5-7,1680,B-C,U,179,181,5,7,1,5,378,552,1,0,1,0,0,552
4240,8,8,14,14,8-46,2221,B-C,R,90,140,6,4,1,5,246,415,0,0,2,0,1,415
4507,12,13,15,15,13-8,476,B-C,U,139,131,19,7,6,18,320,543,1,0,2,0,0,543
3785,15,4,12,12,4-109,1163,B-C,M,240,171,8,2,1,12,434,643,1,0,1,0,0,643
905,3,3,3,4,3-1,1265,B-C,U,228,157,11,4,3,11,414,684,1,0,1,0,0,684
4810,12,12,15,16,12-6,429,B-C,U,128,119,10,3,2,7,269,398,0,0,2,0,0,398
784,3,5,7,3,5-27,1727,B-C,U,184,169,3,3,1,14,374,622,1,0,1,0,0,622
6458,14,14,22,22,14-2,53,B-C,U,98,132,37,2,3,0,272,429,0,0,2,0,0,429
2068,6,6,4,7,6-29,1632,B-C,NA,202,205,13,3,2,7,432,743,0,1,1,0,0,743
4004,8,8,14,13,8-93,2192,B-C,U,128,143,15,11,3,11,311,465,0,0,2,0,0,465
2745,1,4,8,9,4-12,766,B-C,U,177,136,10,9,1,17,350,596,1,0,1,0,0,596
3876,13,11,18,13,11-72,33,B-C,M,142,324,2,2,1,7,478,651,0,0,1,0,0,651
4107,8,8,14,14,8-76,2111,B-C,U,180,238,18,13,7,6,462,698,1,0,2,0,0,698
2085,11,6,21,7,6-34,1634,B-C,U,215,225,16,3,3,13,475,749,0,1,1,0,0,749
1882,3,3,7,7,3-45,1371,B-C,U,108,119,8,2,1,2,240,387,0,0,1,0,0,387
2145,11,6,21,7,6-22,1647,B-C,U,198,194,7,3,4,11,417,736,0,1,1,0,0,736
129,4,1,1,1,1-59,2358,B-C,R,126,224,3,11,1,13,378,526,1,0,1,0,1,526
3719,9,9,11,12,9-1,1114,B-C,R,118,181,12,14,7,15,347,739,1,0,1,0,1,739
1457,5,5,7,5,5-33,1806,B-C,U,135,104,4,1,0,8,252,435,0,0,1,0,0,435
6455,14,14,22,22,14-2,52,B-C,U,60,96,26,6,3,18,209,386,0,0,2,0,0,386
5977,10,10,20,20,10-13,1890,B-C,R,66,160,22,1,3,1,253,530,1,0,2,0,1,530
3560,9,4,12,12,4-91,966,B-C,U,180,105,6,3,3,2,299,663,0,1,1,0,0,663
242,4,1,1,1,1-80,2417,B-C,R,142,98,4,0,0,17,261,513,1,0,1,0,1,513
6286,10,13,19,21,13-41,708,B-C,R,110,162,6,3,1,14,296,552,1,0,2,0,1,552
6453,14,14,22,22,14-1,51,B-C,M,111,180,45,5,7,17,365,658,1,0,2,0,0,658
6277,10,13,19,21,13-38,703,E,R,100,125,4,4,0,7,240,362,0,0,2,1,1,362
1873,6,3,7,7,3-40,1368,B-C,U,155,110,8,3,2,8,286,452,0,0,1,0,0,452
3801,15,9,12,12,9-81,1177,B-C,U,171,150,6,2,2,7,338,576,1,0,1,0,0,576
5795,13,13,19,19,13-71,2848,B-C,R,47,89,86,4,1,29,256,514,1,0,2,0,1,514
3725,9,4,11,12,4-98,1117,B-C,M,217,120,16,4,1,11,369,697,1,0,1,0,0,697
871,5,5,5,3,5-58,1767,B-C,U,148,214,2,1,4,17,386,612,1,0,1,0,0,612
5624,7,11,18,18,11-25,2019,B-C,R,64,134,13,7,0,10,228,394,0,0,1,0,1,394
2671,2,2,9,9,2-25,208,B-C,R,115,116,6,6,1,19,263,441,0,0,2,0,1,441
6684,14,14,22,22,14-88,1229,B-C,R,100,94,32,3,0,21,250,542,1,0,2,0,1,542
4349,8,8,17,14,8-34,2640,B-C,R,104,164,21,2,3,5,299,529,1,0,2,0,1,529
5456,7,11,18,18,11-39,1929,B-C,U,245,190,12,1,1,5,454,673,1,0,1,0,0,673
5323,7,11,10,18,11-98,570,B-C,U,124,159,10,6,1,5,305,470,0,0,1,0,0,470
3507,15,9,11,11,9-15,1175,B-C,R,81,155,42,11,2,18,309,570,1,0,1,0,1,570
999,6,3,4,4,3-66,1297,B-C,U,197,165,10,2,1,10,385,733,1,0,1,0,0,733
4964,12,12,15,16,12-80,554,B-C,U,113,127,7,3,0,6,256,475,0,0,2,0,0,475
1077,3,3,7,4,3-31,1325,B-C,U,174,150,5,2,2,16,349,604,1,0,1,0,0,604
6308,10,10,20,21,10-17,2267,B-C,U,152,213,30,5,3,19,422,699,0,0,2,0,0,699
243,4,1,1,1,1-80,2417,B-C,R,128,100,9,1,0,13,251,513,1,0,1,0,1,513
3350,15,9,12,11,9-46,1077,B-C,U,218,182,6,1,5,12,424,666,1,0,1,0,0,666
1926,6,3,7,7,3-49,1404,B-C,U,112,113,5,1,0,5,236,378,0,0,1,0,0,378
6438,10,10,20,21,10-42,2338,B-C,R,51,284,15,6,2,22,380,695,1,0,2,0,1,695
5932,10,10,20,20,10-5,1869,B-C,U,127,10,49,4,5,9,204,693,1,0,2,0,0,693
341,2,2,2,2,2-79,2510,B-C,U,195,143,59,9,1,15,422,611,1,0,2,0,0,611
6207,10,13,19,21,13-25,675,B-C,U,105,144,18,4,2,18,291,388,0,0,2,0,0,388
942,3,3,3,4,3-7,1278,B-C,U,197,219,17,7,3,13,456,666,0,1,1,0,0,666
3840,13,11,18,13,11-79,16,B-C,R,131,140,16,1,0,18,306,548,1,0,1,0,1,548
4113,8,8,14,14,8-78,2112,B-C,U,150,201,22,15,4,16,408,543,1,0,2,0,0,543
1298,6,5,7,5,5-30,1422,B-C,U,140,166,5,1,3,20,335,446,0,0,1,0,0,446
1824,11,6,6,6,6-78,1650,B-C,U,216,96,4,1,8,11,336,570,1,0,1,0,0,570
1775,11,6,21,6,6-46,1614,B-C,U,201,240,18,5,3,14,481,725,0,1,1,0,0,725
4374,12,12,16,15,12-44,347,B-C,NA,164,215,29,3,9,13,433,721,0,1,2,0,0,721
413,1,1,2,2,1-44,2544,B-C,U,158,156,19,2,9,19,363,700,1,0,2,0,0,700
4433,12,12,15,15,12-8,387,B-C,U,185,202,28,9,1,14,439,716,1,0,2,0,0,716
6543,14,14,22,22,14-19,95,B-C,M,47,74,29,0,0,14,164,398,0,0,2,0,0,398
4232,8,8,14,14,8-46,2217,B-C,R,110,164,10,2,1,10,297,570,1,0,2,0,1,570
4737,12,12,16,16,12-24,354,B-C,U,135,69,18,7,0,10,239,417,0,0,2,0,0,417
4410,12,12,16,15,12-33,371,B-C,U,165,195,15,4,6,11,396,729,1,0,2,0,0,729
6619,14,14,22,22,14-33,137,B-C,U,47,147,69,0,0,12,275,555,1,0,2,0,0,555
4467,12,12,15,15,12-8,416,B-C,U,158,172,15,8,5,14,372,568,1,0,2,0,0,568
6005,10,10,20,20,10-63,2791,B-C,U,173,241,12,2,3,14,445,725,1,0,2,0,0,725
4773,12,12,15,16,12-1,396,B-C,U,188,251,10,3,2,13,467,594,0,0,2,0,0,594
979,3,3,3,4,3-10,1288,B-C,U,211,220,11,5,4,8,459,719,1,0,1,0,0,719
4344,8,8,17,14,8-22,2638,B-C,R,173,143,40,11,6,17,390,716,1,0,2,0,1,716
2317,4,4,8,8,4-66,878,B-C,M,198,208,22,2,6,14,450,748,0,1,1,0,0,748
4748,12,12,16,16,12-28,357,B-C,U,101,137,18,2,1,10,269,514,1,0,2,0,0,514
2154,11,6,6,7,6-10,1652,B-C,R,283,109,6,2,1,19,420,689,1,0,1,0,1,689
5949,10,10,20,20,10-10,1877,B-C,U,66,205,19,2,4,16,312,476,0,0,2,0,0,476
5706,13,13,19,19,13-53,1198,B-C,R,116,123,6,0,0,5,250,396,0,0,2,0,1,396
1959,6,3,7,7,3-56,1429,B-C,U,155,120,6,2,1,8,292,467,0,0,1,0,0,467
476,1,1,2,2,1-38,2574,B-C,R,121,133,7,3,2,12,278,508,1,0,2,0,1,508
344,2,2,2,2,2-79,2512,B-C,U,206,110,72,11,1,19,419,731,1,0,2,0,0,731
557,1,2,2,2,2-91,2781,B-C,R,97,171,128,3,6,22,427,664,1,0,2,0,1,664
4496,12,13,15,15,13-5,466,B-C,U,145,146,15,4,1,10,321,666,1,0,2,0,0,666
1548,5,6,6,5,6-81,1851,B-C,U,213,179,5,0,2,10,409,655,1,0,1,0,0,655
1734,11,6,6,6,6-73,1597,B-C,U,210,179,7,2,1,14,413,666,0,0,1,0,0,666
1946,6,3,7,7,3-62,1414,B-C,U,179,198,10,2,0,7,396,656,1,0,1,0,0,656
4059,8,8,14,13,8-62,2243,B-C,U,100,151,18,2,1,8,280,558,1,0,2,0,0,558
5857,13,13,19,19,13-86,2871,B-C,R,32,95,49,7,1,12,196,389,1,0,2,0,1,389
634,3,5,3,3,5-15,1281,B-C,U,196,215,7,7,2,9,436,595,1,0,1,0,0,595
906,3,3,3,4,3-1,1265,B-C,U,211,188,9,0,4,19,431,683,1,0,1,0,0,683
681,3,5,3,3,5-10,1681,B-C,U,199,237,12,2,1,11,462,734,0,1,1,0,0,734
5200,2,2,17,17,2-68,622,B-C,M,52,164,17,3,5,16,257,475,0,0,2,0,0,475
5418,7,11,18,18,11-42,1912,B-C,M,235,163,5,0,2,40,445,739,1,0,1,0,0,739
371,2,2,2,2,2-71,2524,B-C,M,174,233,23,4,12,14,460,713,1,0,2,0,0,713
3322,15,9,12,11,9-70,1054,B-C,U,127,184,12,3,2,0,328,567,1,0,1,0,0,567
4305,8,8,17,14,8-31,2625,B-C,U,127,244,11,6,3,5,396,628,1,0,2,0,0,628
3335,15,9,12,11,9-55,1068,B-C,U,214,221,3,1,2,5,446,705,1,0,1,0,0,705
4318,8,8,17,14,8-19,2628,B-C,R,64,152,34,0,0,6,256,429,0,0,2,0,1,429
3890,13,11,18,13,11-60,39,B-C,M,151,244,7,3,2,11,418,614,1,0,1,0,0,614
3277,15,9,12,11,9-58,1010,B-C,U,147,150,10,4,1,1,313,477,0,0,1,0,0,477
938,3,3,3,4,3-7,1278,B-C,U,176,226,16,1,2,7,428,667,0,1,1,0,0,667
480,1,1,2,2,1-34,2576,B-C,R,126,102,22,19,9,20,298,549,0,0,2,0,1,549
2109,11,6,21,7,6-24,1642,B-C,U,161,186,11,3,4,14,379,709,0,1,1,0,0,709
4950,12,12,15,16,12-78,546,B-C,R,168,201,26,5,3,15,418,700,1,0,2,0,1,700
3036,7,7,10,10,7-42,2472,B-C,U,92,196,3,1,2,11,305,462,0,0,1,0,0,462
2419,9,7,13,8,7-62,2659,B-C,U,176,115,10,2,1,0,304,589,1,0,1,0,0,589
5076,14,14,9,17,14-55,291,B-C,U,163,177,23,5,1,7,376,529,1,0,2,0,0,529
3326,15,9,12,11,9-73,1063,B-C,U,202,218,15,5,2,16,458,736,1,0,1,0,0,736
166,4,1,1,1,1-87,2380,B-C,U,191,139,21,4,5,19,379,630,1,0,1,0,0,630
6276,10,13,19,21,13-38,703,B-C,R,70,133,11,2,1,11,228,452,0,0,2,0,1,452
3396,15,9,11,11,9-49,1099,B-C,U,185,189,16,7,0,9,406,684,0,1,1,0,0,684
2873,7,7,10,10,7-10,2046,B-C,R,84,224,2,0,0,12,322,606,1,0,1,0,1,606
2930,13,7,13,10,7-20,2073,B-C,R,59,18,18,0,1,1,97,147,0,0,1,0,1,147
5085,14,14,9,17,14-56,294,B-C,U,95,156,33,2,5,11,302,641,1,0,2,0,0,641
5781,13,13,19,19,13-68,2843,B-C,U,25,155,76,1,1,18,276,584,1,0,2,0,0,584
2818,1,4,8,9,4-38,818,B-C,R,146,199,9,0,3,28,385,719,1,0,1,0,1,719
5909,13,13,19,19,13-97,2890,B-C,R,24,108,82,3,0,11,228,533,1,0,2,0,1,533
817,5,5,5,3,5-55,1741,B-C,U,190,132,8,2,2,10,344,649,1,0,1,0,0,649
6171,10,10,20,20,10-98,3001,B-C,M,104,166,12,5,0,10,297,552,1,0,2,0,0,552
6161,10,10,20,20,10-93,2997,B-C,R,202,158,3,1,1,8,373,737,1,0,2,0,1,737
4625,8,8,17,15,8-10,2914,B-C,M,88,228,13,27,3,11,370,538,1,0,2,0,0,538
3343,15,9,12,11,9-69,1075,B-C,U,168,109,7,5,0,15,304,545,1,0,1,0,0,545
1294,6,3,4,4,3-89,1512,B-C,R,244,70,2,0,0,6,322,588,1,0,1,0,1,588
5051,14,14,22,17,14-49,278,B-C,R,90,127,2,3,32,12,266,584,0,0,2,0,1,584
1684,11,6,21,6,6-43,1566,B-C,U,236,212,15,4,5,13,485,690,1,0,1,0,0,690
1713,11,6,21,6,6-48,1588,B-C,U,165,161,9,5,6,7,353,540,1,0,1,0,0,540
2685,2,2,9,9,2-40,216,E,M,113,210,10,6,1,18,358,691,1,0,2,1,0,691
4320,8,8,17,14,8-21,2629,B-C,R,70,158,10,5,1,11,255,398,0,0,2,0,1,398
4183,8,8,14,14,8-88,2163,B-C,M,170,172,10,8,3,0,363,677,1,0,2,0,0,677
2447,9,7,13,8,7-71,2672,B-C,U,169,190,19,7,1,14,400,725,0,0,1,0,0,725
1828,11,6,6,6,6-14,1651,B-C,M,215,143,11,5,4,14,392,706,1,0,1,0,0,706
2812,1,4,8,9,4-34,815,B-C,R,62,121,8,3,3,34,231,402,0,0,1,0,1,402
3963,8,8,14,13,8-73,2178,B-C,U,165,126,22,6,2,11,332,648,1,0,2,0,0,648
5386,13,11,10,18,11-88,721,B-C,U,172,144,66,3,0,8,393,630,0,0,1,0,0,630
3476,15,9,11,11,9-12,1161,B-C,R,88,240,28,2,1,17,376,750,1,0,1,0,1,750
5782,13,13,19,19,13-68,2843,B-C,U,32,156,77,9,2,17,293,584,1,0,2,0,0,584
2157,11,6,6,7,6-10,1652,B-C,R,241,138,4,2,0,19,404,688,1,0,1,0,1,688
1363,5,5,5,5,5-51,1492,B-C,U,200,175,6,1,3,9,394,718,1,0,1,0,0,718
438,1,1,2,2,1-50,2552,B-C,U,158,104,18,4,4,11,299,509,1,0,2,0,0,509
154,4,1,1,1,1-42,2374,B-C,R,121,140,6,4,1,17,289,490,0,0,1,0,1,490
4876,2,12,16,16,12-61,494,B-C,R,112,132,1,1,9,0,255,480,0,0,2,0,1,480
2260,4,4,8,8,4-57,857,B-C,U,259,144,31,8,7,16,465,703,1,0,1,0,0,703
3154,9,7,13,10,7-83,2702,B-C,R,212,134,8,2,0,6,362,618,1,0,1,0,1,618
2120,11,6,21,7,6-23,1643,B-C,U,170,145,4,2,2,17,340,695,0,1,1,0,0,695
5500,7,11,18,18,11-37,1956,B-C,R,195,152,5,1,0,11,364,609,1,0,1,0,1,609
932,3,3,4,4,3-6,1276,B-C,U,215,125,5,1,1,17,364,654,1,0,1,0,0,654
3862,13,11,18,13,11-75,25,B-C,R,105,166,9,1,4,13,298,454,0,0,1,0,1,454
157,4,1,1,1,1-84,2376,B-C,U,170,115,12,6,2,10,315,474,0,0,1,0,0,474
1408,5,5,5,5,5-61,1784,B-C,U,129,139,6,3,3,6,286,476,0,0,1,0,0,476
678,3,5,3,3,5-10,1681,B-C,U,251,205,19,5,5,11,496,734,0,1,1,0,0,734
3382,15,9,12,11,9-53,1096,B-C,U,224,106,9,2,1,11,353,625,1,0,1,0,0,625
1111,3,3,7,4,3-33,1340,B-C,U,161,227,3,1,3,4,399,660,1,0,1,0,0,660
2529,2,2,9,9,2-2,142,B-C,U,109,150,13,6,8,19,305,562,1,0,2,0,0,562
1796,11,6,6,6,6-73,1625,B-C,U,154,142,13,4,0,8,321,587,1,0,1,0,0,587
3648,15,9,12,12,9-67,1034,B-C,U,148,128,14,1,2,6,299,542,1,0,1,0,0,542
3443,9,9,11,11,9-7,1139,B-C,M,167,142,22,1,1,24,357,671,1,0,1,0,0,671
6022,10,10,20,20,10-67,2797,B-C,U,138,150,9,4,0,13,314,508,1,0,2,0,0,508
